algorithm,node,rate,function,start_time,end_time,time_usage,throughput
pbft,5,1,add,1716620088580770607,1716621103000000000,1014.419229393,0.9857857294349318
pbft,5,3,add,1716621380219938689,1716621726000000000,345.780061311,2.8920117493431303
pbft,5,5,add,1716622211300961220,1716622430000000000,218.69903878,4.5724938050868555
pbft,5,6,add,1716656654045804323,1716656839000000000,184.954195677,5.406744066224799
pbft,5,7,add,1716625326433693687,1716625500000000000,173.566306313,5.761486899402321
pbft,5,9,add,1716625812294292399,1716625961000000000,148.705707601,6.72469144683506
pbft,5,10,add,1716616776721263200,1716616920000000000,143.2787368,6.979402682729403
pbft,5,20,add,1716617977873820383,1716618125000000000,147.126179617,6.796886880385311